-- phpMyAdmin SQL Dump
-- version 5.0.2
-- https://www.phpmyadmin.net/
--
-- Servidor: 127.0.0.1:3306
-- Tiempo de generación: 23-05-2022 a las 13:50:03
-- Versión del servidor: 5.7.31
-- Versión de PHP: 7.4.9

SET SQL_MODE = "NO_AUTO_VALUE_ON_ZERO";
START TRANSACTION;
SET time_zone = "+00:00";


/*!40101 SET @OLD_CHARACTER_SET_CLIENT=@@CHARACTER_SET_CLIENT */;
/*!40101 SET @OLD_CHARACTER_SET_RESULTS=@@CHARACTER_SET_RESULTS */;
/*!40101 SET @OLD_COLLATION_CONNECTION=@@COLLATION_CONNECTION */;
/*!40101 SET NAMES utf8mb4 */;

--
-- Base de datos: `admin`
--

-- --------------------------------------------------------

--
-- Estructura de tabla para la tabla `categorias`
--

DROP TABLE IF EXISTS `categorias`;
CREATE TABLE IF NOT EXISTS `categorias` (
  `id` bigint(20) UNSIGNED NOT NULL AUTO_INCREMENT,
  `name` varchar(255) COLLATE utf8mb4_unicode_ci NOT NULL,
  `descrip` text COLLATE utf8mb4_unicode_ci NOT NULL,
  `rubro` text COLLATE utf8mb4_unicode_ci NOT NULL,
  `created_at` timestamp NULL DEFAULT NULL,
  `updated_at` timestamp NULL DEFAULT NULL,
  PRIMARY KEY (`id`)
) ENGINE=InnoDB AUTO_INCREMENT=3 DEFAULT CHARSET=utf8mb4 COLLATE=utf8mb4_unicode_ci;

--
-- Volcado de datos para la tabla `categorias`
--

INSERT INTO `categorias` (`id`, `name`, `descrip`, `rubro`, `created_at`, `updated_at`) VALUES
(2, 'eewr', 'werwe', '2343242343', '2022-05-16 17:24:07', '2022-05-16 17:24:07');

-- --------------------------------------------------------

--
-- Estructura de tabla para la tabla `failed_jobs`
--

DROP TABLE IF EXISTS `failed_jobs`;
CREATE TABLE IF NOT EXISTS `failed_jobs` (
  `id` bigint(20) UNSIGNED NOT NULL AUTO_INCREMENT,
  `uuid` varchar(125) COLLATE utf8mb4_unicode_ci NOT NULL,
  `connection` text COLLATE utf8mb4_unicode_ci NOT NULL,
  `queue` text COLLATE utf8mb4_unicode_ci NOT NULL,
  `payload` longtext COLLATE utf8mb4_unicode_ci NOT NULL,
  `exception` longtext COLLATE utf8mb4_unicode_ci NOT NULL,
  `failed_at` timestamp NOT NULL DEFAULT CURRENT_TIMESTAMP,
  PRIMARY KEY (`id`),
  UNIQUE KEY `failed_jobs_uuid_unique` (`uuid`)
) ENGINE=MyISAM DEFAULT CHARSET=utf8mb4 COLLATE=utf8mb4_unicode_ci;

-- --------------------------------------------------------

--
-- Estructura de tabla para la tabla `migrations`
--

DROP TABLE IF EXISTS `migrations`;
CREATE TABLE IF NOT EXISTS `migrations` (
  `id` int(10) UNSIGNED NOT NULL AUTO_INCREMENT,
  `migration` varchar(255) COLLATE utf8mb4_unicode_ci NOT NULL,
  `batch` int(11) NOT NULL,
  PRIMARY KEY (`id`)
) ENGINE=MyISAM AUTO_INCREMENT=9 DEFAULT CHARSET=utf8mb4 COLLATE=utf8mb4_unicode_ci;

-- --------------------------------------------------------

--
-- Estructura de tabla para la tabla `model_has_permissions`
--

DROP TABLE IF EXISTS `model_has_permissions`;
CREATE TABLE IF NOT EXISTS `model_has_permissions` (
  `permission_id` bigint(20) UNSIGNED NOT NULL,
  `model_type` varchar(125) COLLATE utf8mb4_unicode_ci NOT NULL,
  `model_id` bigint(20) UNSIGNED NOT NULL,
  PRIMARY KEY (`permission_id`,`model_id`,`model_type`),
  KEY `model_has_permissions_model_id_model_type_index` (`model_id`,`model_type`)
) ENGINE=MyISAM DEFAULT CHARSET=utf8mb4 COLLATE=utf8mb4_unicode_ci;

-- --------------------------------------------------------

--
-- Estructura de tabla para la tabla `model_has_roles`
--

DROP TABLE IF EXISTS `model_has_roles`;
CREATE TABLE IF NOT EXISTS `model_has_roles` (
  `role_id` bigint(20) UNSIGNED NOT NULL,
  `model_type` varchar(125) COLLATE utf8mb4_unicode_ci NOT NULL,
  `model_id` bigint(20) UNSIGNED NOT NULL,
  PRIMARY KEY (`role_id`,`model_id`,`model_type`),
  KEY `model_has_roles_model_id_model_type_index` (`model_id`,`model_type`)
) ENGINE=MyISAM DEFAULT CHARSET=utf8mb4 COLLATE=utf8mb4_unicode_ci;

--
-- Volcado de datos para la tabla `model_has_roles`
--

INSERT INTO `model_has_roles` (`role_id`, `model_type`, `model_id`) VALUES
(1, 'App\\Models\\User', 2),
(2, 'App\\Models\\User', 1);

-- --------------------------------------------------------

--
-- Estructura de tabla para la tabla `password_resets`
--

DROP TABLE IF EXISTS `password_resets`;
CREATE TABLE IF NOT EXISTS `password_resets` (
  `email` varchar(125) COLLATE utf8mb4_unicode_ci NOT NULL,
  `token` varchar(125) COLLATE utf8mb4_unicode_ci NOT NULL,
  `created_at` timestamp NULL DEFAULT NULL,
  KEY `password_resets_email_index` (`email`)
) ENGINE=MyISAM DEFAULT CHARSET=utf8mb4 COLLATE=utf8mb4_unicode_ci;

-- --------------------------------------------------------

--
-- Estructura de tabla para la tabla `pedidos`
--

DROP TABLE IF EXISTS `pedidos`;
CREATE TABLE IF NOT EXISTS `pedidos` (
  `id` bigint(20) UNSIGNED NOT NULL AUTO_INCREMENT,
  `cantidad` varchar(255) COLLATE utf8mb4_unicode_ci NOT NULL,
  `fechapedido` varchar(255) COLLATE utf8mb4_unicode_ci NOT NULL,
  `estado` bigint(20) NOT NULL,
  `productos_id` bigint(20) UNSIGNED NOT NULL,
  `users_id` bigint(20) UNSIGNED NOT NULL,
  `created_at` timestamp NULL DEFAULT NULL,
  `updated_at` timestamp NULL DEFAULT NULL,
  PRIMARY KEY (`id`),
  KEY `pedidos_productos_id_foreign` (`productos_id`)
) ENGINE=InnoDB DEFAULT CHARSET=utf8mb4 COLLATE=utf8mb4_unicode_ci;

-- --------------------------------------------------------

--
-- Estructura de tabla para la tabla `permissions`
--

DROP TABLE IF EXISTS `permissions`;
CREATE TABLE IF NOT EXISTS `permissions` (
  `id` bigint(20) UNSIGNED NOT NULL AUTO_INCREMENT,
  `name` varchar(125) COLLATE utf8mb4_unicode_ci NOT NULL,
  `guard_name` varchar(125) COLLATE utf8mb4_unicode_ci NOT NULL,
  `created_at` timestamp NULL DEFAULT NULL,
  `updated_at` timestamp NULL DEFAULT NULL,
  PRIMARY KEY (`id`),
  UNIQUE KEY `permissions_name_guard_name_unique` (`name`,`guard_name`)
) ENGINE=MyISAM DEFAULT CHARSET=utf8mb4 COLLATE=utf8mb4_unicode_ci;

-- --------------------------------------------------------

--
-- Estructura de tabla para la tabla `personal_access_tokens`
--

DROP TABLE IF EXISTS `personal_access_tokens`;
CREATE TABLE IF NOT EXISTS `personal_access_tokens` (
  `id` bigint(20) UNSIGNED NOT NULL AUTO_INCREMENT,
  `tokenable_type` varchar(125) COLLATE utf8mb4_unicode_ci NOT NULL,
  `tokenable_id` bigint(20) UNSIGNED NOT NULL,
  `name` varchar(125) COLLATE utf8mb4_unicode_ci NOT NULL,
  `token` varchar(64) COLLATE utf8mb4_unicode_ci NOT NULL,
  `abilities` text COLLATE utf8mb4_unicode_ci,
  `last_used_at` timestamp NULL DEFAULT NULL,
  `created_at` timestamp NULL DEFAULT NULL,
  `updated_at` timestamp NULL DEFAULT NULL,
  PRIMARY KEY (`id`),
  UNIQUE KEY `personal_access_tokens_token_unique` (`token`),
  KEY `personal_access_tokens_tokenable_type_tokenable_id_index` (`tokenable_type`,`tokenable_id`)
) ENGINE=MyISAM DEFAULT CHARSET=utf8mb4 COLLATE=utf8mb4_unicode_ci;

-- --------------------------------------------------------

--
-- Estructura de tabla para la tabla `productos`
--

DROP TABLE IF EXISTS `productos`;
CREATE TABLE IF NOT EXISTS `productos` (
  `id` bigint(20) UNSIGNED NOT NULL AUTO_INCREMENT,
  `codigo_descripcion` varchar(255) COLLATE utf8mb4_unicode_ci NOT NULL,
  `descripcion` varchar(255) COLLATE utf8mb4_unicode_ci NOT NULL,
  `especificacion` varchar(255) COLLATE utf8mb4_unicode_ci NOT NULL,
  `presentacion` varchar(255) COLLATE utf8mb4_unicode_ci NOT NULL,
  `precio_1` varchar(255) COLLATE utf8mb4_unicode_ci NOT NULL,
  `precio_2` varchar(255) COLLATE utf8mb4_unicode_ci NOT NULL,
  `precio_3` varchar(255) COLLATE utf8mb4_unicode_ci NOT NULL,
  `proveedores_id` bigint(20) UNSIGNED NOT NULL,
  `categorias_id` bigint(20) UNSIGNED NOT NULL,
  `created_at` timestamp NULL DEFAULT NULL,
  `updated_at` timestamp NULL DEFAULT NULL,
  PRIMARY KEY (`id`),
  KEY `productos_proveedores_id_foreign` (`proveedores_id`),
  KEY `productos_categorias_id_foreign` (`categorias_id`)
) ENGINE=InnoDB AUTO_INCREMENT=564 DEFAULT CHARSET=utf8mb4 COLLATE=utf8mb4_unicode_ci;

--
-- Volcado de datos para la tabla `productos`
--

INSERT INTO `productos` (`id`, `codigo_descripcion`, `descripcion`, `especificacion`, `presentacion`, `precio_1`, `precio_2`, `precio_3`, `proveedores_id`, `categorias_id`, `created_at`, `updated_at`) VALUES
(1, 'qwerqr', 'erewqrew', 'rwerwer', 'DECENA', '2542', '2505042', '2505042', 4, 2, '2022-05-18 16:59:12', '2022-05-18 18:30:54'),
(2, 'fsdfs', 'dfsdf', 'sgsdgsg', 'DECENA', '2542', '2505042', '2505042', 5, 2, '2022-05-19 16:43:32', '2022-05-19 16:43:32'),
(3, 'youil', 'klkjkl', 'jkljkljkljk', 'CENTENA', '2542', '2505042', '2505042', 5, 2, '2022-05-19 16:44:00', '2022-05-19 16:44:00'),
(284, 'CONTENIDO1', 'CONTENIDO1', 'CONTENIDO1', 'CONTENIDO1', '2542', '2505042', '2505042', 4, 2, NULL, NULL),
(285, 'CONTENIDO2', 'CONTENIDO2', 'CONTENIDO2', 'CONTENIDO2', '2542', '2505042', '2505042', 4, 2, NULL, NULL),
(286, 'CONTENIDO3', 'CONTENIDO3', 'CONTENIDO3', 'CONTENIDO3', '2542', '2505042', '2505042', 4, 2, NULL, NULL),
(287, 'CONTENIDO4', 'CONTENIDO4', 'CONTENIDO4', 'CONTENIDO4', '2542', '2505042', '2505042', 4, 2, NULL, NULL),
(288, 'CONTENIDO5', 'CONTENIDO5', 'CONTENIDO5', 'CONTENIDO5', '2542', '2505042', '2505042', 4, 2, NULL, NULL),
(289, 'CONTENIDO6', 'CONTENIDO6', 'CONTENIDO6', 'CONTENIDO6', '2542', '2505042', '2505042', 4, 2, NULL, NULL),
(290, 'CONTENIDO7', 'CONTENIDO7', 'CONTENIDO7', 'CONTENIDO7', '2542', '2505042', '2505042', 4, 2, NULL, NULL),
(291, 'CONTENIDO8', 'CONTENIDO8', 'CONTENIDO8', 'CONTENIDO8', '2542', '2505042', '2505042', 4, 2, NULL, NULL),
(292, 'CONTENIDO9', 'CONTENIDO9', 'CONTENIDO9', 'CONTENIDO9', '2542', '2505042', '2505042', 4, 2, NULL, NULL),
(293, 'CONTENIDO10', 'CONTENIDO10', 'CONTENIDO10', 'CONTENIDO10', '2542', '2505042', '2505042', 4, 2, NULL, NULL),
(294, 'CONTENIDO11', 'CONTENIDO11', 'CONTENIDO11', 'CONTENIDO11', '2542', '2505042', '2505042', 4, 2, NULL, NULL),
(295, 'CONTENIDO12', 'CONTENIDO12', 'CONTENIDO12', 'CONTENIDO12', '2542', '2505042', '2505042', 4, 2, NULL, NULL),
(296, 'CONTENIDO13', 'CONTENIDO13', 'CONTENIDO13', 'CONTENIDO13', '2542', '2505042', '2505042', 4, 2, NULL, NULL),
(297, 'CONTENIDO14', 'CONTENIDO14', 'CONTENIDO14', 'CONTENIDO14', '2542', '2505042', '2505042', 4, 2, NULL, NULL),
(298, 'CONTENIDO15', 'CONTENIDO15', 'CONTENIDO15', 'CONTENIDO15', '2542', '2505042', '2505042', 4, 2, NULL, NULL),
(299, 'CONTENIDO16', 'CONTENIDO16', 'CONTENIDO16', 'CONTENIDO16', '2542', '2505042', '2505042', 4, 2, NULL, NULL),
(300, 'CONTENIDO17', 'CONTENIDO17', 'CONTENIDO17', 'CONTENIDO17', '2542', '2505042', '2505042', 4, 2, NULL, NULL),
(301, 'CONTENIDO18', 'CONTENIDO18', 'CONTENIDO18', 'CONTENIDO18', '2542', '2505042', '2505042', 4, 2, NULL, NULL),
(302, 'CONTENIDO19', 'CONTENIDO19', 'CONTENIDO19', 'CONTENIDO19', '2542', '2505042', '2505042', 4, 2, NULL, NULL),
(303, 'CONTENIDO20', 'CONTENIDO20', 'CONTENIDO20', 'CONTENIDO20', '2542', '2505042', '2505042', 4, 2, NULL, NULL),
(304, 'CONTENIDO21', 'CONTENIDO21', 'CONTENIDO21', 'CONTENIDO21', '2542', '2505042', '2505042', 4, 2, NULL, NULL),
(305, 'CONTENIDO22', 'CONTENIDO22', 'CONTENIDO22', 'CONTENIDO22', '2542', '2505042', '2505042', 4, 2, NULL, NULL),
(306, 'CONTENIDO23', 'CONTENIDO23', 'CONTENIDO23', 'CONTENIDO23', '2542', '2505042', '2505042', 4, 2, NULL, NULL),
(307, 'CONTENIDO24', 'CONTENIDO24', 'CONTENIDO24', 'CONTENIDO24', '2542', '2505042', '2505042', 4, 2, NULL, NULL),
(308, 'CONTENIDO25', 'CONTENIDO25', 'CONTENIDO25', 'CONTENIDO25', '2542', '2505042', '2505042', 4, 2, NULL, NULL),
(309, 'CONTENIDO26', 'CONTENIDO26', 'CONTENIDO26', 'CONTENIDO26', '2542', '2505042', '2505042', 4, 2, NULL, NULL),
(310, 'CONTENIDO27', 'CONTENIDO27', 'CONTENIDO27', 'CONTENIDO27', '2542', '2505042', '2505042', 4, 2, NULL, NULL),
(311, 'CONTENIDO28', 'CONTENIDO28', 'CONTENIDO28', 'CONTENIDO28', '2542', '2505042', '2505042', 4, 2, NULL, NULL),
(312, 'CONTENIDO29', 'CONTENIDO29', 'CONTENIDO29', 'CONTENIDO29', '2542', '2505042', '2505042', 4, 2, NULL, NULL),
(313, 'CONTENIDO30', 'CONTENIDO30', 'CONTENIDO30', 'CONTENIDO30', '2542', '2505042', '2505042', 4, 2, NULL, NULL),
(314, 'CONTENIDO31', 'CONTENIDO31', 'CONTENIDO31', 'CONTENIDO31', '2542', '2505042', '2505042', 4, 2, NULL, NULL),
(315, 'CONTENIDO32', 'CONTENIDO32', 'CONTENIDO32', 'CONTENIDO32', '2542', '2505042', '2505042', 4, 2, NULL, NULL),
(316, 'CONTENIDO33', 'CONTENIDO33', 'CONTENIDO33', 'CONTENIDO33', '2542', '2505042', '2505042', 4, 2, NULL, NULL),
(317, 'CONTENIDO34', 'CONTENIDO34', 'CONTENIDO34', 'CONTENIDO34', '2542', '2505042', '2505042', 4, 2, NULL, NULL),
(318, 'CONTENIDO35', 'CONTENIDO35', 'CONTENIDO35', 'CONTENIDO35', '2542', '2505042', '2505042', 4, 2, NULL, NULL),
(319, 'CONTENIDO36', 'CONTENIDO36', 'CONTENIDO36', 'CONTENIDO36', '2542', '2505042', '2505042', 4, 2, NULL, NULL),
(320, 'CONTENIDO37', 'CONTENIDO37', 'CONTENIDO37', 'CONTENIDO37', '2542', '2505042', '2505042', 4, 2, NULL, NULL),
(321, 'CONTENIDO38', 'CONTENIDO38', 'CONTENIDO38', 'CONTENIDO38', '2542', '2505042', '2505042', 4, 2, NULL, NULL),
(322, 'CONTENIDO39', 'CONTENIDO39', 'CONTENIDO39', 'CONTENIDO39', '2542', '2505042', '2505042', 4, 2, NULL, NULL),
(323, 'CONTENIDO40', 'CONTENIDO40', 'CONTENIDO40', 'CONTENIDO40', '2542', '2505042', '2505042', 4, 2, NULL, NULL),
(324, 'CONTENIDO41', 'CONTENIDO41', 'CONTENIDO41', 'CONTENIDO41', '2542', '2505042', '2505042', 4, 2, NULL, NULL),
(325, 'CONTENIDO42', 'CONTENIDO42', 'CONTENIDO42', 'CONTENIDO42', '2542', '2505042', '2505042', 4, 2, NULL, NULL),
(326, 'CONTENIDO43', 'CONTENIDO43', 'CONTENIDO43', 'CONTENIDO43', '2542', '2505042', '2505042', 4, 2, NULL, NULL),
(327, 'CONTENIDO44', 'CONTENIDO44', 'CONTENIDO44', 'CONTENIDO44', '2542', '2505042', '2505042', 4, 2, NULL, NULL),
(328, 'CONTENIDO45', 'CONTENIDO45', 'CONTENIDO45', 'CONTENIDO45', '2542', '2505042', '2505042', 4, 2, NULL, NULL),
(329, 'CONTENIDO46', 'CONTENIDO46', 'CONTENIDO46', 'CONTENIDO46', '2542', '2505042', '2505042', 4, 2, NULL, NULL),
(330, 'CONTENIDO47', 'CONTENIDO47', 'CONTENIDO47', 'CONTENIDO47', '2542', '2505042', '2505042', 4, 2, NULL, NULL),
(331, 'CONTENIDO48', 'CONTENIDO48', 'CONTENIDO48', 'CONTENIDO48', '2542', '2505042', '2505042', 4, 2, NULL, NULL),
(332, 'CONTENIDO49', 'CONTENIDO49', 'CONTENIDO49', 'CONTENIDO49', '2542', '2505042', '2505042', 4, 2, NULL, NULL),
(333, 'CONTENIDO50', 'CONTENIDO50', 'CONTENIDO50', 'CONTENIDO50', '2542', '2505042', '2505042', 4, 2, NULL, NULL),
(334, 'CONTENIDO51', 'CONTENIDO51', 'CONTENIDO51', 'CONTENIDO51', '2542', '2505042', '2505042', 4, 2, NULL, NULL),
(335, 'CONTENIDO52', 'CONTENIDO52', 'CONTENIDO52', 'CONTENIDO52', '2542', '2505042', '2505042', 4, 2, NULL, NULL),
(336, 'CONTENIDO53', 'CONTENIDO53', 'CONTENIDO53', 'CONTENIDO53', '2542', '2505042', '2505042', 4, 2, NULL, NULL),
(337, 'CONTENIDO54', 'CONTENIDO54', 'CONTENIDO54', 'CONTENIDO54', '2542', '2505042', '2505042', 4, 2, NULL, NULL),
(338, 'CONTENIDO55', 'CONTENIDO55', 'CONTENIDO55', 'CONTENIDO55', '2542', '2505042', '2505042', 4, 2, NULL, NULL),
(339, 'CONTENIDO56', 'CONTENIDO56', 'CONTENIDO56', 'CONTENIDO56', '2542', '2505042', '2505042', 4, 2, NULL, NULL),
(340, 'CONTENIDO57', 'CONTENIDO57', 'CONTENIDO57', 'CONTENIDO57', '2542', '2505042', '2505042', 4, 2, NULL, NULL),
(341, 'CONTENIDO58', 'CONTENIDO58', 'CONTENIDO58', 'CONTENIDO58', '2542', '2505042', '2505042', 4, 2, NULL, NULL),
(342, 'CONTENIDO59', 'CONTENIDO59', 'CONTENIDO59', 'CONTENIDO59', '2542', '2505042', '2505042', 4, 2, NULL, NULL),
(343, 'CONTENIDO60', 'CONTENIDO60', 'CONTENIDO60', 'CONTENIDO60', '2542', '2505042', '2505042', 4, 2, NULL, NULL),
(344, 'CONTENIDO61', 'CONTENIDO61', 'CONTENIDO61', 'CONTENIDO61', '2542', '2505042', '2505042', 4, 2, NULL, NULL),
(345, 'CONTENIDO62', 'CONTENIDO62', 'CONTENIDO62', 'CONTENIDO62', '2542', '2505042', '2505042', 4, 2, NULL, NULL),
(346, 'CONTENIDO63', 'CONTENIDO63', 'CONTENIDO63', 'CONTENIDO63', '2542', '2505042', '2505042', 4, 2, NULL, NULL),
(347, 'CONTENIDO64', 'CONTENIDO64', 'CONTENIDO64', 'CONTENIDO64', '2542', '2505042', '2505042', 4, 2, NULL, NULL),
(348, 'CONTENIDO65', 'CONTENIDO65', 'CONTENIDO65', 'CONTENIDO65', '2542', '2505042', '2505042', 4, 2, NULL, NULL),
(349, 'CONTENIDO66', 'CONTENIDO66', 'CONTENIDO66', 'CONTENIDO66', '2542', '2505042', '2505042', 4, 2, NULL, NULL),
(350, 'CONTENIDO67', 'CONTENIDO67', 'CONTENIDO67', 'CONTENIDO67', '2542', '2505042', '2505042', 4, 2, NULL, NULL),
(351, 'CONTENIDO68', 'CONTENIDO68', 'CONTENIDO68', 'CONTENIDO68', '2542', '2505042', '2505042', 4, 2, NULL, NULL),
(352, 'CONTENIDO69', 'CONTENIDO69', 'CONTENIDO69', 'CONTENIDO69', '2542', '2505042', '2505042', 4, 2, NULL, NULL),
(353, 'CONTENIDO70', 'CONTENIDO70', 'CONTENIDO70', 'CONTENIDO70', '2542', '2505042', '2505042', 4, 2, NULL, NULL),
(354, 'CONTENIDO71', 'CONTENIDO71', 'CONTENIDO71', 'CONTENIDO71', '2542', '2505042', '2505042', 4, 2, NULL, NULL),
(355, 'CONTENIDO72', 'CONTENIDO72', 'CONTENIDO72', 'CONTENIDO72', '2542', '2505042', '2505042', 4, 2, NULL, NULL),
(356, 'CONTENIDO73', 'CONTENIDO73', 'CONTENIDO73', 'CONTENIDO73', '2542', '2505042', '2505042', 4, 2, NULL, NULL),
(357, 'CONTENIDO74', 'CONTENIDO74', 'CONTENIDO74', 'CONTENIDO74', '2542', '2505042', '2505042', 4, 2, NULL, NULL),
(358, 'CONTENIDO75', 'CONTENIDO75', 'CONTENIDO75', 'CONTENIDO75', '2542', '2505042', '2505042', 4, 2, NULL, NULL),
(359, 'CONTENIDO76', 'CONTENIDO76', 'CONTENIDO76', 'CONTENIDO76', '2542', '2505042', '2505042', 4, 2, NULL, NULL),
(360, 'CONTENIDO77', 'CONTENIDO77', 'CONTENIDO77', 'CONTENIDO77', '2542', '2505042', '2505042', 4, 2, NULL, NULL),
(361, 'CONTENIDO78', 'CONTENIDO78', 'CONTENIDO78', 'CONTENIDO78', '2542', '2505042', '2505042', 4, 2, NULL, NULL),
(362, 'CONTENIDO79', 'CONTENIDO79', 'CONTENIDO79', 'CONTENIDO79', '2542', '2505042', '2505042', 4, 2, NULL, NULL),
(363, 'CONTENIDO80', 'CONTENIDO80', 'CONTENIDO80', 'CONTENIDO80', '2542', '2505042', '2505042', 4, 2, NULL, NULL),
(364, 'CONTENIDO81', 'CONTENIDO81', 'CONTENIDO81', 'CONTENIDO81', '2542', '2505042', '2505042', 4, 2, NULL, NULL),
(365, 'CONTENIDO82', 'CONTENIDO82', 'CONTENIDO82', 'CONTENIDO82', '2542', '2505042', '2505042', 4, 2, NULL, NULL),
(366, 'CONTENIDO83', 'CONTENIDO83', 'CONTENIDO83', 'CONTENIDO83', '2542', '2505042', '2505042', 4, 2, NULL, NULL),
(367, 'CONTENIDO84', 'CONTENIDO84', 'CONTENIDO84', 'CONTENIDO84', '2542', '2505042', '2505042', 4, 2, NULL, NULL),
(368, 'CONTENIDO85', 'CONTENIDO85', 'CONTENIDO85', 'CONTENIDO85', '2542', '2505042', '2505042', 4, 2, NULL, NULL),
(369, 'CONTENIDO86', 'CONTENIDO86', 'CONTENIDO86', 'CONTENIDO86', '2542', '2505042', '2505042', 4, 2, NULL, NULL),
(370, 'CONTENIDO87', 'CONTENIDO87', 'CONTENIDO87', 'CONTENIDO87', '2542', '2505042', '2505042', 4, 2, NULL, NULL),
(371, 'CONTENIDO88', 'CONTENIDO88', 'CONTENIDO88', 'CONTENIDO88', '2542', '2505042', '2505042', 4, 2, NULL, NULL),
(372, 'CONTENIDO89', 'CONTENIDO89', 'CONTENIDO89', 'CONTENIDO89', '2542', '2505042', '2505042', 4, 2, NULL, NULL),
(373, 'CONTENIDO90', 'CONTENIDO90', 'CONTENIDO90', 'CONTENIDO90', '2542', '2505042', '2505042', 4, 2, NULL, NULL),
(374, 'CONTENIDO91', 'CONTENIDO91', 'CONTENIDO91', 'CONTENIDO91', '2542', '2505042', '2505042', 4, 2, NULL, NULL),
(375, 'CONTENIDO92', 'CONTENIDO92', 'CONTENIDO92', 'CONTENIDO92', '2542', '2505042', '2505042', 4, 2, NULL, NULL),
(376, 'CONTENIDO93', 'CONTENIDO93', 'CONTENIDO93', 'CONTENIDO93', '2542', '2505042', '2505042', 4, 2, NULL, NULL),
(377, 'CONTENIDO94', 'CONTENIDO94', 'CONTENIDO94', 'CONTENIDO94', '2542', '2505042', '2505042', 4, 2, NULL, NULL),
(378, 'CONTENIDO95', 'CONTENIDO95', 'CONTENIDO95', 'CONTENIDO95', '2542', '2505042', '2505042', 4, 2, NULL, NULL),
(379, 'CONTENIDO96', 'CONTENIDO96', 'CONTENIDO96', 'CONTENIDO96', '2542', '2505042', '2505042', 4, 2, NULL, NULL),
(380, 'CONTENIDO97', 'CONTENIDO97', 'CONTENIDO97', 'CONTENIDO97', '2542', '2505042', '2505042', 4, 2, NULL, NULL),
(381, 'CONTENIDO98', 'CONTENIDO98', 'CONTENIDO98', 'CONTENIDO98', '2542', '2505042', '2505042', 4, 2, NULL, NULL),
(382, 'CONTENIDO99', 'CONTENIDO99', 'CONTENIDO99', 'CONTENIDO99', '2542', '2505042', '2505042', 4, 2, NULL, NULL),
(383, 'CONTENIDO100', 'CONTENIDO100', 'CONTENIDO100', 'CONTENIDO100', '2542', '2505042', '2505042', 4, 2, NULL, NULL),
(384, 'CONTENIDO101', 'CONTENIDO101', 'CONTENIDO101', 'CONTENIDO101', '2542', '2505042', '2505042', 4, 2, NULL, NULL),
(385, 'CONTENIDO102', 'CONTENIDO102', 'CONTENIDO102', 'CONTENIDO102', '2542', '2505042', '2505042', 4, 2, NULL, NULL),
(386, 'CONTENIDO103', 'CONTENIDO103', 'CONTENIDO103', 'CONTENIDO103', '2542', '2505042', '2505042', 4, 2, NULL, NULL),
(387, 'CONTENIDO104', 'CONTENIDO104', 'CONTENIDO104', 'CONTENIDO104', '2542', '2505042', '2505042', 4, 2, NULL, NULL),
(388, 'CONTENIDO105', 'CONTENIDO105', 'CONTENIDO105', 'CONTENIDO105', '2542', '2505042', '2505042', 4, 2, NULL, NULL),
(389, 'CONTENIDO106', 'CONTENIDO106', 'CONTENIDO106', 'CONTENIDO106', '2542', '2505042', '2505042', 4, 2, NULL, NULL),
(390, 'CONTENIDO107', 'CONTENIDO107', 'CONTENIDO107', 'CONTENIDO107', '2542', '2505042', '2505042', 4, 2, NULL, NULL),
(391, 'CONTENIDO108', 'CONTENIDO108', 'CONTENIDO108', 'CONTENIDO108', '2542', '2505042', '2505042', 4, 2, NULL, NULL),
(392, 'CONTENIDO109', 'CONTENIDO109', 'CONTENIDO109', 'CONTENIDO109', '2542', '2505042', '2505042', 4, 2, NULL, NULL),
(393, 'CONTENIDO110', 'CONTENIDO110', 'CONTENIDO110', 'CONTENIDO110', '2542', '2505042', '2505042', 4, 2, NULL, NULL),
(394, 'CONTENIDO111', 'CONTENIDO111', 'CONTENIDO111', 'CONTENIDO111', '2542', '2505042', '2505042', 4, 2, NULL, NULL),
(395, 'CONTENIDO112', 'CONTENIDO112', 'CONTENIDO112', 'CONTENIDO112', '2542', '2505042', '2505042', 4, 2, NULL, NULL),
(396, 'CONTENIDO113', 'CONTENIDO113', 'CONTENIDO113', 'CONTENIDO113', '2542', '2505042', '2505042', 4, 2, NULL, NULL),
(397, 'CONTENIDO114', 'CONTENIDO114', 'CONTENIDO114', 'CONTENIDO114', '2542', '2505042', '2505042', 4, 2, NULL, NULL),
(398, 'CONTENIDO115', 'CONTENIDO115', 'CONTENIDO115', 'CONTENIDO115', '2542', '2505042', '2505042', 4, 2, NULL, NULL),
(399, 'CONTENIDO116', 'CONTENIDO116', 'CONTENIDO116', 'CONTENIDO116', '2542', '2505042', '2505042', 4, 2, NULL, NULL),
(400, 'CONTENIDO117', 'CONTENIDO117', 'CONTENIDO117', 'CONTENIDO117', '2542', '2505042', '2505042', 4, 2, NULL, NULL),
(401, 'CONTENIDO118', 'CONTENIDO118', 'CONTENIDO118', 'CONTENIDO118', '2542', '2505042', '2505042', 4, 2, NULL, NULL),
(402, 'CONTENIDO119', 'CONTENIDO119', 'CONTENIDO119', 'CONTENIDO119', '2542', '2505042', '2505042', 4, 2, NULL, NULL),
(403, 'CONTENIDO120', 'CONTENIDO120', 'CONTENIDO120', 'CONTENIDO120', '2542', '2505042', '2505042', 4, 2, NULL, NULL),
(404, 'CONTENIDO121', 'CONTENIDO121', 'CONTENIDO121', 'CONTENIDO121', '2542', '2505042', '2505042', 4, 2, NULL, NULL),
(405, 'CONTENIDO122', 'CONTENIDO122', 'CONTENIDO122', 'CONTENIDO122', '2542', '2505042', '2505042', 4, 2, NULL, NULL),
(406, 'CONTENIDO123', 'CONTENIDO123', 'CONTENIDO123', 'CONTENIDO123', '2542', '2505042', '2505042', 4, 2, NULL, NULL),
(407, 'CONTENIDO124', 'CONTENIDO124', 'CONTENIDO124', 'CONTENIDO124', '2542', '2505042', '2505042', 4, 2, NULL, NULL),
(408, 'CONTENIDO125', 'CONTENIDO125', 'CONTENIDO125', 'CONTENIDO125', '2542', '2505042', '2505042', 4, 2, NULL, NULL),
(409, 'CONTENIDO126', 'CONTENIDO126', 'CONTENIDO126', 'CONTENIDO126', '2542', '2505042', '2505042', 4, 2, NULL, NULL),
(410, 'CONTENIDO127', 'CONTENIDO127', 'CONTENIDO127', 'CONTENIDO127', '2542', '2505042', '2505042', 4, 2, NULL, NULL),
(411, 'CONTENIDO128', 'CONTENIDO128', 'CONTENIDO128', 'CONTENIDO128', '2542', '2505042', '2505042', 4, 2, NULL, NULL),
(412, 'CONTENIDO129', 'CONTENIDO129', 'CONTENIDO129', 'CONTENIDO129', '2542', '2505042', '2505042', 4, 2, NULL, NULL),
(413, 'CONTENIDO130', 'CONTENIDO130', 'CONTENIDO130', 'CONTENIDO130', '2542', '2505042', '2505042', 4, 2, NULL, NULL),
(414, 'CONTENIDO131', 'CONTENIDO131', 'CONTENIDO131', 'CONTENIDO131', '2542', '2505042', '2505042', 4, 2, NULL, NULL),
(415, 'CONTENIDO132', 'CONTENIDO132', 'CONTENIDO132', 'CONTENIDO132', '2542', '2505042', '2505042', 4, 2, NULL, NULL),
(416, 'CONTENIDO133', 'CONTENIDO133', 'CONTENIDO133', 'CONTENIDO133', '2542', '2505042', '2505042', 4, 2, NULL, NULL),
(417, 'CONTENIDO134', 'CONTENIDO134', 'CONTENIDO134', 'CONTENIDO134', '2542', '2505042', '2505042', 4, 2, NULL, NULL),
(418, 'CONTENIDO135', 'CONTENIDO135', 'CONTENIDO135', 'CONTENIDO135', '2542', '2505042', '2505042', 4, 2, NULL, NULL),
(419, 'CONTENIDO136', 'CONTENIDO136', 'CONTENIDO136', 'CONTENIDO136', '2542', '2505042', '2505042', 4, 2, NULL, NULL),
(420, 'CONTENIDO137', 'CONTENIDO137', 'CONTENIDO137', 'CONTENIDO137', '2542', '2505042', '2505042', 4, 2, NULL, NULL),
(421, 'CONTENIDO138', 'CONTENIDO138', 'CONTENIDO138', 'CONTENIDO138', '2542', '2505042', '2505042', 4, 2, NULL, NULL),
(422, 'CONTENIDO139', 'CONTENIDO139', 'CONTENIDO139', 'CONTENIDO139', '2542', '2505042', '2505042', 4, 2, NULL, NULL),
(423, 'CONTENIDO140', 'CONTENIDO140', 'CONTENIDO140', 'CONTENIDO140', '2542', '2505042', '2505042', 4, 2, NULL, NULL),
(424, 'CONTENIDO141', 'CONTENIDO141', 'CONTENIDO141', 'CONTENIDO141', '2542', '2505042', '2505042', 4, 2, NULL, NULL),
(425, 'CONTENIDO142', 'CONTENIDO142', 'CONTENIDO142', 'CONTENIDO142', '2542', '2505042', '2505042', 4, 2, NULL, NULL),
(426, 'CONTENIDO143', 'CONTENIDO143', 'CONTENIDO143', 'CONTENIDO143', '2542', '2505042', '2505042', 4, 2, NULL, NULL),
(427, 'CONTENIDO144', 'CONTENIDO144', 'CONTENIDO144', 'CONTENIDO144', '2542', '2505042', '2505042', 4, 2, NULL, NULL),
(428, 'CONTENIDO145', 'CONTENIDO145', 'CONTENIDO145', 'CONTENIDO145', '2542', '2505042', '2505042', 4, 2, NULL, NULL),
(429, 'CONTENIDO146', 'CONTENIDO146', 'CONTENIDO146', 'CONTENIDO146', '2542', '2505042', '2505042', 4, 2, NULL, NULL),
(430, 'CONTENIDO147', 'CONTENIDO147', 'CONTENIDO147', 'CONTENIDO147', '2542', '2505042', '2505042', 4, 2, NULL, NULL),
(431, 'CONTENIDO148', 'CONTENIDO148', 'CONTENIDO148', 'CONTENIDO148', '2542', '2505042', '2505042', 4, 2, NULL, NULL),
(432, 'CONTENIDO149', 'CONTENIDO149', 'CONTENIDO149', 'CONTENIDO149', '2542', '2505042', '2505042', 4, 2, NULL, NULL),
(433, 'CONTENIDO150', 'CONTENIDO150', 'CONTENIDO150', 'CONTENIDO150', '2542', '2505042', '2505042', 4, 2, NULL, NULL),
(434, 'CONTENIDO151', 'CONTENIDO151', 'CONTENIDO151', 'CONTENIDO151', '2542', '2505042', '2505042', 4, 2, NULL, NULL),
(435, 'CONTENIDO152', 'CONTENIDO152', 'CONTENIDO152', 'CONTENIDO152', '2542', '2505042', '2505042', 4, 2, NULL, NULL),
(436, 'CONTENIDO153', 'CONTENIDO153', 'CONTENIDO153', 'CONTENIDO153', '2542', '2505042', '2505042', 4, 2, NULL, NULL),
(437, 'CONTENIDO154', 'CONTENIDO154', 'CONTENIDO154', 'CONTENIDO154', '2542', '2505042', '2505042', 4, 2, NULL, NULL),
(438, 'CONTENIDO155', 'CONTENIDO155', 'CONTENIDO155', 'CONTENIDO155', '2542', '2505042', '2505042', 4, 2, NULL, NULL),
(439, 'CONTENIDO156', 'CONTENIDO156', 'CONTENIDO156', 'CONTENIDO156', '2542', '2505042', '2505042', 4, 2, NULL, NULL),
(440, 'CONTENIDO157', 'CONTENIDO157', 'CONTENIDO157', 'CONTENIDO157', '2542', '2505042', '2505042', 4, 2, NULL, NULL),
(441, 'CONTENIDO158', 'CONTENIDO158', 'CONTENIDO158', 'CONTENIDO158', '2542', '2505042', '2505042', 4, 2, NULL, NULL),
(442, 'CONTENIDO159', 'CONTENIDO159', 'CONTENIDO159', 'CONTENIDO159', '2542', '2505042', '2505042', 4, 2, NULL, NULL),
(443, 'CONTENIDO160', 'CONTENIDO160', 'CONTENIDO160', 'CONTENIDO160', '2542', '2505042', '2505042', 4, 2, NULL, NULL),
(444, 'CONTENIDO161', 'CONTENIDO161', 'CONTENIDO161', 'CONTENIDO161', '2542', '2505042', '2505042', 4, 2, NULL, NULL),
(445, 'CONTENIDO162', 'CONTENIDO162', 'CONTENIDO162', 'CONTENIDO162', '2542', '2505042', '2505042', 4, 2, NULL, NULL),
(446, 'CONTENIDO163', 'CONTENIDO163', 'CONTENIDO163', 'CONTENIDO163', '2542', '2505042', '2505042', 4, 2, NULL, NULL),
(447, 'CONTENIDO164', 'CONTENIDO164', 'CONTENIDO164', 'CONTENIDO164', '2542', '2505042', '2505042', 4, 2, NULL, NULL),
(448, 'CONTENIDO165', 'CONTENIDO165', 'CONTENIDO165', 'CONTENIDO165', '2542', '2505042', '2505042', 4, 2, NULL, NULL),
(449, 'CONTENIDO166', 'CONTENIDO166', 'CONTENIDO166', 'CONTENIDO166', '2542', '2505042', '2505042', 4, 2, NULL, NULL),
(450, 'CONTENIDO167', 'CONTENIDO167', 'CONTENIDO167', 'CONTENIDO167', '2542', '2505042', '2505042', 4, 2, NULL, NULL),
(451, 'CONTENIDO168', 'CONTENIDO168', 'CONTENIDO168', 'CONTENIDO168', '2542', '2505042', '2505042', 4, 2, NULL, NULL),
(452, 'CONTENIDO169', 'CONTENIDO169', 'CONTENIDO169', 'CONTENIDO169', '2542', '2505042', '2505042', 4, 2, NULL, NULL),
(453, 'CONTENIDO170', 'CONTENIDO170', 'CONTENIDO170', 'CONTENIDO170', '2542', '2505042', '2505042', 4, 2, NULL, NULL),
(454, 'CONTENIDO171', 'CONTENIDO171', 'CONTENIDO171', 'CONTENIDO171', '2542', '2505042', '2505042', 4, 2, NULL, NULL),
(455, 'CONTENIDO172', 'CONTENIDO172', 'CONTENIDO172', 'CONTENIDO172', '2542', '2505042', '2505042', 4, 2, NULL, NULL),
(456, 'CONTENIDO173', 'CONTENIDO173', 'CONTENIDO173', 'CONTENIDO173', '2542', '2505042', '2505042', 4, 2, NULL, NULL),
(457, 'CONTENIDO174', 'CONTENIDO174', 'CONTENIDO174', 'CONTENIDO174', '2542', '2505042', '2505042', 4, 2, NULL, NULL),
(458, 'CONTENIDO175', 'CONTENIDO175', 'CONTENIDO175', 'CONTENIDO175', '2542', '2505042', '2505042', 4, 2, NULL, NULL),
(459, 'CONTENIDO176', 'CONTENIDO176', 'CONTENIDO176', 'CONTENIDO176', '2542', '2505042', '2505042', 4, 2, NULL, NULL),
(460, 'CONTENIDO177', 'CONTENIDO177', 'CONTENIDO177', 'CONTENIDO177', '2542', '2505042', '2505042', 4, 2, NULL, NULL),
(461, 'CONTENIDO178', 'CONTENIDO178', 'CONTENIDO178', 'CONTENIDO178', '2542', '2505042', '2505042', 4, 2, NULL, NULL),
(462, 'CONTENIDO179', 'CONTENIDO179', 'CONTENIDO179', 'CONTENIDO179', '2542', '2505042', '2505042', 4, 2, NULL, NULL),
(463, 'CONTENIDO180', 'CONTENIDO180', 'CONTENIDO180', 'CONTENIDO180', '2542', '2505042', '2505042', 4, 2, NULL, NULL),
(464, 'CONTENIDO181', 'CONTENIDO181', 'CONTENIDO181', 'CONTENIDO181', '2542', '2505042', '2505042', 4, 2, NULL, NULL),
(465, 'CONTENIDO182', 'CONTENIDO182', 'CONTENIDO182', 'CONTENIDO182', '2542', '2505042', '2505042', 4, 2, NULL, NULL),
(466, 'CONTENIDO183', 'CONTENIDO183', 'CONTENIDO183', 'CONTENIDO183', '2542', '2505042', '2505042', 4, 2, NULL, NULL),
(467, 'CONTENIDO184', 'CONTENIDO184', 'CONTENIDO184', 'CONTENIDO184', '2542', '2505042', '2505042', 4, 2, NULL, NULL),
(468, 'CONTENIDO185', 'CONTENIDO185', 'CONTENIDO185', 'CONTENIDO185', '2542', '2505042', '2505042', 4, 2, NULL, NULL),
(469, 'CONTENIDO186', 'CONTENIDO186', 'CONTENIDO186', 'CONTENIDO186', '2542', '2505042', '2505042', 4, 2, NULL, NULL),
(470, 'CONTENIDO187', 'CONTENIDO187', 'CONTENIDO187', 'CONTENIDO187', '2542', '2505042', '2505042', 4, 2, NULL, NULL),
(471, 'CONTENIDO188', 'CONTENIDO188', 'CONTENIDO188', 'CONTENIDO188', '2542', '2505042', '2505042', 4, 2, NULL, NULL),
(472, 'CONTENIDO189', 'CONTENIDO189', 'CONTENIDO189', 'CONTENIDO189', '2542', '2505042', '2505042', 4, 2, NULL, NULL),
(473, 'CONTENIDO190', 'CONTENIDO190', 'CONTENIDO190', 'CONTENIDO190', '2542', '2505042', '2505042', 4, 2, NULL, NULL),
(474, 'CONTENIDO191', 'CONTENIDO191', 'CONTENIDO191', 'CONTENIDO191', '2542', '2505042', '2505042', 4, 2, NULL, NULL),
(475, 'CONTENIDO192', 'CONTENIDO192', 'CONTENIDO192', 'CONTENIDO192', '2542', '2505042', '2505042', 4, 2, NULL, NULL),
(476, 'CONTENIDO193', 'CONTENIDO193', 'CONTENIDO193', 'CONTENIDO193', '2542', '2505042', '2505042', 4, 2, NULL, NULL),
(477, 'CONTENIDO194', 'CONTENIDO194', 'CONTENIDO194', 'CONTENIDO194', '2542', '2505042', '2505042', 4, 2, NULL, NULL),
(478, 'CONTENIDO195', 'CONTENIDO195', 'CONTENIDO195', 'CONTENIDO195', '2542', '2505042', '2505042', 4, 2, NULL, NULL),
(479, 'CONTENIDO196', 'CONTENIDO196', 'CONTENIDO196', 'CONTENIDO196', '2542', '2505042', '2505042', 4, 2, NULL, NULL),
(480, 'CONTENIDO197', 'CONTENIDO197', 'CONTENIDO197', 'CONTENIDO197', '2542', '2505042', '2505042', 4, 2, NULL, NULL),
(481, 'CONTENIDO198', 'CONTENIDO198', 'CONTENIDO198', 'CONTENIDO198', '2542', '2505042', '2505042', 4, 2, NULL, NULL),
(482, 'CONTENIDO199', 'CONTENIDO199', 'CONTENIDO199', 'CONTENIDO199', '2542', '2505042', '2505042', 4, 2, NULL, NULL),
(483, 'CONTENIDO200', 'CONTENIDO200', 'CONTENIDO200', 'CONTENIDO200', '2542', '2505042', '2505042', 4, 2, NULL, NULL),
(484, 'CONTENIDO201', 'CONTENIDO201', 'CONTENIDO201', 'CONTENIDO201', '2542', '2505042', '2505042', 4, 2, NULL, NULL),
(485, 'CONTENIDO202', 'CONTENIDO202', 'CONTENIDO202', 'CONTENIDO202', '2542', '2505042', '2505042', 4, 2, NULL, NULL),
(486, 'CONTENIDO203', 'CONTENIDO203', 'CONTENIDO203', 'CONTENIDO203', '2542', '2505042', '2505042', 4, 2, NULL, NULL),
(487, 'CONTENIDO204', 'CONTENIDO204', 'CONTENIDO204', 'CONTENIDO204', '2542', '2505042', '2505042', 4, 2, NULL, NULL),
(488, 'CONTENIDO205', 'CONTENIDO205', 'CONTENIDO205', 'CONTENIDO205', '2542', '2505042', '2505042', 4, 2, NULL, NULL),
(489, 'CONTENIDO206', 'CONTENIDO206', 'CONTENIDO206', 'CONTENIDO206', '2542', '2505042', '2505042', 4, 2, NULL, NULL),
(490, 'CONTENIDO207', 'CONTENIDO207', 'CONTENIDO207', 'CONTENIDO207', '2542', '2505042', '2505042', 4, 2, NULL, NULL),
(491, 'CONTENIDO208', 'CONTENIDO208', 'CONTENIDO208', 'CONTENIDO208', '2542', '2505042', '2505042', 4, 2, NULL, NULL),
(492, 'CONTENIDO209', 'CONTENIDO209', 'CONTENIDO209', 'CONTENIDO209', '2542', '2505042', '2505042', 4, 2, NULL, NULL),
(493, 'CONTENIDO210', 'CONTENIDO210', 'CONTENIDO210', 'CONTENIDO210', '2542', '2505042', '2505042', 4, 2, NULL, NULL),
(494, 'CONTENIDO211', 'CONTENIDO211', 'CONTENIDO211', 'CONTENIDO211', '2542', '2505042', '2505042', 4, 2, NULL, NULL),
(495, 'CONTENIDO212', 'CONTENIDO212', 'CONTENIDO212', 'CONTENIDO212', '2542', '2505042', '2505042', 4, 2, NULL, NULL),
(496, 'CONTENIDO213', 'CONTENIDO213', 'CONTENIDO213', 'CONTENIDO213', '2542', '2505042', '2505042', 4, 2, NULL, NULL),
(497, 'CONTENIDO214', 'CONTENIDO214', 'CONTENIDO214', 'CONTENIDO214', '2542', '2505042', '2505042', 4, 2, NULL, NULL),
(498, 'CONTENIDO215', 'CONTENIDO215', 'CONTENIDO215', 'CONTENIDO215', '2542', '2505042', '2505042', 4, 2, NULL, NULL),
(499, 'CONTENIDO216', 'CONTENIDO216', 'CONTENIDO216', 'CONTENIDO216', '2542', '2505042', '2505042', 4, 2, NULL, NULL),
(500, 'CONTENIDO217', 'CONTENIDO217', 'CONTENIDO217', 'CONTENIDO217', '2542', '2505042', '2505042', 4, 2, NULL, NULL),
(501, 'CONTENIDO218', 'CONTENIDO218', 'CONTENIDO218', 'CONTENIDO218', '2542', '2505042', '2505042', 4, 2, NULL, NULL),
(502, 'CONTENIDO219', 'CONTENIDO219', 'CONTENIDO219', 'CONTENIDO219', '2542', '2505042', '2505042', 4, 2, NULL, NULL),
(503, 'CONTENIDO220', 'CONTENIDO220', 'CONTENIDO220', 'CONTENIDO220', '2542', '2505042', '2505042', 4, 2, NULL, NULL),
(504, 'CONTENIDO221', 'CONTENIDO221', 'CONTENIDO221', 'CONTENIDO221', '2542', '2505042', '2505042', 4, 2, NULL, NULL),
(505, 'CONTENIDO222', 'CONTENIDO222', 'CONTENIDO222', 'CONTENIDO222', '2542', '2505042', '2505042', 4, 2, NULL, NULL),
(506, 'CONTENIDO223', 'CONTENIDO223', 'CONTENIDO223', 'CONTENIDO223', '2542', '2505042', '2505042', 4, 2, NULL, NULL),
(507, 'CONTENIDO224', 'CONTENIDO224', 'CONTENIDO224', 'CONTENIDO224', '2542', '2505042', '2505042', 4, 2, NULL, NULL),
(508, 'CONTENIDO225', 'CONTENIDO225', 'CONTENIDO225', 'CONTENIDO225', '2542', '2505042', '2505042', 4, 2, NULL, NULL),
(509, 'CONTENIDO226', 'CONTENIDO226', 'CONTENIDO226', 'CONTENIDO226', '2542', '2505042', '2505042', 4, 2, NULL, NULL),
(510, 'CONTENIDO227', 'CONTENIDO227', 'CONTENIDO227', 'CONTENIDO227', '2542', '2505042', '2505042', 4, 2, NULL, NULL),
(511, 'CONTENIDO228', 'CONTENIDO228', 'CONTENIDO228', 'CONTENIDO228', '2542', '2505042', '2505042', 4, 2, NULL, NULL),
(512, 'CONTENIDO229', 'CONTENIDO229', 'CONTENIDO229', 'CONTENIDO229', '2542', '2505042', '2505042', 4, 2, NULL, NULL),
(513, 'CONTENIDO230', 'CONTENIDO230', 'CONTENIDO230', 'CONTENIDO230', '2542', '2505042', '2505042', 4, 2, NULL, NULL),
(514, 'CONTENIDO231', 'CONTENIDO231', 'CONTENIDO231', 'CONTENIDO231', '2542', '2505042', '2505042', 4, 2, NULL, NULL),
(515, 'CONTENIDO232', 'CONTENIDO232', 'CONTENIDO232', 'CONTENIDO232', '2542', '2505042', '2505042', 4, 2, NULL, NULL),
(516, 'CONTENIDO233', 'CONTENIDO233', 'CONTENIDO233', 'CONTENIDO233', '2542', '2505042', '2505042', 4, 2, NULL, NULL),
(517, 'CONTENIDO234', 'CONTENIDO234', 'CONTENIDO234', 'CONTENIDO234', '2542', '2505042', '2505042', 4, 2, NULL, NULL),
(518, 'CONTENIDO235', 'CONTENIDO235', 'CONTENIDO235', 'CONTENIDO235', '2542', '2505042', '2505042', 4, 2, NULL, NULL),
(519, 'CONTENIDO236', 'CONTENIDO236', 'CONTENIDO236', 'CONTENIDO236', '2542', '2505042', '2505042', 4, 2, NULL, NULL),
(520, 'CONTENIDO237', 'CONTENIDO237', 'CONTENIDO237', 'CONTENIDO237', '2542', '2505042', '2505042', 4, 2, NULL, NULL),
(521, 'CONTENIDO238', 'CONTENIDO238', 'CONTENIDO238', 'CONTENIDO238', '2542', '2505042', '2505042', 4, 2, NULL, NULL),
(522, 'CONTENIDO239', 'CONTENIDO239', 'CONTENIDO239', 'CONTENIDO239', '2542', '2505042', '2505042', 4, 2, NULL, NULL),
(523, 'CONTENIDO240', 'CONTENIDO240', 'CONTENIDO240', 'CONTENIDO240', '2542', '2505042', '2505042', 4, 2, NULL, NULL),
(524, 'CONTENIDO241', 'CONTENIDO241', 'CONTENIDO241', 'CONTENIDO241', '2542', '2505042', '2505042', 4, 2, NULL, NULL),
(525, 'CONTENIDO242', 'CONTENIDO242', 'CONTENIDO242', 'CONTENIDO242', '2542', '2505042', '2505042', 4, 2, NULL, NULL),
(526, 'CONTENIDO243', 'CONTENIDO243', 'CONTENIDO243', 'CONTENIDO243', '2542', '2505042', '2505042', 4, 2, NULL, NULL),
(527, 'CONTENIDO244', 'CONTENIDO244', 'CONTENIDO244', 'CONTENIDO244', '2542', '2505042', '2505042', 4, 2, NULL, NULL),
(528, 'CONTENIDO245', 'CONTENIDO245', 'CONTENIDO245', 'CONTENIDO245', '2542', '2505042', '2505042', 4, 2, NULL, NULL),
(529, 'CONTENIDO246', 'CONTENIDO246', 'CONTENIDO246', 'CONTENIDO246', '2542', '2505042', '2505042', 4, 2, NULL, NULL),
(530, 'CONTENIDO247', 'CONTENIDO247', 'CONTENIDO247', 'CONTENIDO247', '2542', '2505042', '2505042', 4, 2, NULL, NULL),
(531, 'CONTENIDO248', 'CONTENIDO248', 'CONTENIDO248', 'CONTENIDO248', '2542', '2505042', '2505042', 4, 2, NULL, NULL),
(532, 'CONTENIDO249', 'CONTENIDO249', 'CONTENIDO249', 'CONTENIDO249', '2542', '2505042', '2505042', 4, 2, NULL, NULL),
(533, 'CONTENIDO250', 'CONTENIDO250', 'CONTENIDO250', 'CONTENIDO250', '2542', '2505042', '2505042', 4, 2, NULL, NULL),
(534, 'CONTENIDO251', 'CONTENIDO251', 'CONTENIDO251', 'CONTENIDO251', '2542', '2505042', '2505042', 4, 2, NULL, NULL),
(535, 'CONTENIDO252', 'CONTENIDO252', 'CONTENIDO252', 'CONTENIDO252', '2542', '2505042', '2505042', 4, 2, NULL, NULL),
(536, 'CONTENIDO253', 'CONTENIDO253', 'CONTENIDO253', 'CONTENIDO253', '2542', '2505042', '2505042', 4, 2, NULL, NULL),
(537, 'CONTENIDO254', 'CONTENIDO254', 'CONTENIDO254', 'CONTENIDO254', '2542', '2505042', '2505042', 4, 2, NULL, NULL),
(538, 'CONTENIDO255', 'CONTENIDO255', 'CONTENIDO255', 'CONTENIDO255', '2542', '2505042', '2505042', 4, 2, NULL, NULL),
(539, 'CONTENIDO256', 'CONTENIDO256', 'CONTENIDO256', 'CONTENIDO256', '2542', '2505042', '2505042', 4, 2, NULL, NULL),
(540, 'CONTENIDO257', 'CONTENIDO257', 'CONTENIDO257', 'CONTENIDO257', '2542', '2505042', '2505042', 4, 2, NULL, NULL),
(541, 'CONTENIDO258', 'CONTENIDO258', 'CONTENIDO258', 'CONTENIDO258', '2542', '2505042', '2505042', 4, 2, NULL, NULL),
(542, 'CONTENIDO259', 'CONTENIDO259', 'CONTENIDO259', 'CONTENIDO259', '2542', '2505042', '2505042', 4, 2, NULL, NULL),
(543, 'CONTENIDO260', 'CONTENIDO260', 'CONTENIDO260', 'CONTENIDO260', '2542', '2505042', '2505042', 4, 2, NULL, NULL),
(544, 'CONTENIDO261', 'CONTENIDO261', 'CONTENIDO261', 'CONTENIDO261', '2542', '2505042', '2505042', 4, 2, NULL, NULL),
(545, 'CONTENIDO262', 'CONTENIDO262', 'CONTENIDO262', 'CONTENIDO262', '2542', '2505042', '2505042', 4, 2, NULL, NULL),
(546, 'CONTENIDO263', 'CONTENIDO263', 'CONTENIDO263', 'CONTENIDO263', '2542', '2505042', '2505042', 4, 2, NULL, NULL),
(547, 'CONTENIDO264', 'CONTENIDO264', 'CONTENIDO264', 'CONTENIDO264', '2542', '2505042', '2505042', 4, 2, NULL, NULL),
(548, 'CONTENIDO265', 'CONTENIDO265', 'CONTENIDO265', 'CONTENIDO265', '2542', '2505042', '2505042', 4, 2, NULL, NULL),
(549, 'CONTENIDO266', 'CONTENIDO266', 'CONTENIDO266', 'CONTENIDO266', '2542', '2505042', '2505042', 4, 2, NULL, NULL),
(550, 'CONTENIDO267', 'CONTENIDO267', 'CONTENIDO267', 'CONTENIDO267', '2542', '2505042', '2505042', 4, 2, NULL, NULL),
(551, 'CONTENIDO268', 'CONTENIDO268', 'CONTENIDO268', 'CONTENIDO268', '2542', '2505042', '2505042', 4, 2, NULL, NULL),
(552, 'CONTENIDO269', 'CONTENIDO269', 'CONTENIDO269', 'CONTENIDO269', '2542', '2505042', '2505042', 4, 2, NULL, NULL),
(553, 'CONTENIDO270', 'CONTENIDO270', 'CONTENIDO270', 'CONTENIDO270', '2542', '2505042', '2505042', 4, 2, NULL, NULL),
(554, 'CONTENIDO271', 'CONTENIDO271', 'CONTENIDO271', 'CONTENIDO271', '2542', '2505042', '2505042', 4, 2, NULL, NULL),
(555, 'CONTENIDO272', 'CONTENIDO272', 'CONTENIDO272', 'CONTENIDO272', '2542', '2505042', '2505042', 4, 2, NULL, NULL),
(556, 'CONTENIDO273', 'CONTENIDO273', 'CONTENIDO273', 'CONTENIDO273', '2542', '2505042', '2505042', 4, 2, NULL, NULL),
(557, 'CONTENIDO274', 'CONTENIDO274', 'CONTENIDO274', 'CONTENIDO274', '2542', '2505042', '2505042', 4, 2, NULL, NULL),
(558, 'CONTENIDO275', 'CONTENIDO275', 'CONTENIDO275', 'CONTENIDO275', '2542', '2505042', '2505042', 4, 2, NULL, NULL),
(559, 'CONTENIDO276', 'CONTENIDO276', 'CONTENIDO276', 'CONTENIDO276', '2542', '2505042', '2505042', 4, 2, NULL, NULL),
(560, 'CONTENIDO277', 'CONTENIDO277', 'CONTENIDO277', 'CONTENIDO277', '2542', '2505042', '2505042', 4, 2, NULL, NULL),
(561, 'CONTENIDO278', 'CONTENIDO278', 'CONTENIDO278', 'CONTENIDO278', '2542', '2505042', '2505042', 4, 2, NULL, NULL),
(562, 'CONTENIDO279', 'CONTENIDO279', 'CONTENIDO279', 'CONTENIDO279', '2542', '2505042', '2505042', 4, 2, NULL, NULL),
(563, 'CONTENIDO280', 'CONTENIDO280', 'CONTENIDO280', 'CONTENIDO280', '2542', '2505042', '2505042', 4, 2, NULL, NULL);

-- --------------------------------------------------------

--
-- Estructura de tabla para la tabla `proveedores`
--

DROP TABLE IF EXISTS `proveedores`;
CREATE TABLE IF NOT EXISTS `proveedores` (
  `id` bigint(20) UNSIGNED NOT NULL AUTO_INCREMENT,
  `name` varchar(255) COLLATE utf8mb4_unicode_ci NOT NULL,
  `descrip` text COLLATE utf8mb4_unicode_ci NOT NULL,
  `created_at` timestamp NULL DEFAULT NULL,
  `updated_at` timestamp NULL DEFAULT NULL,
  PRIMARY KEY (`id`)
) ENGINE=InnoDB AUTO_INCREMENT=7 DEFAULT CHARSET=utf8mb4 COLLATE=utf8mb4_unicode_ci;

--
-- Volcado de datos para la tabla `proveedores`
--

INSERT INTO `proveedores` (`id`, `name`, `descrip`, `created_at`, `updated_at`) VALUES
(4, 'reivaj', 'Descripcion del Proveedor1', '2022-05-16 15:36:57', '2022-05-16 15:36:57'),
(5, 'cliente 2', 'Descripcion del Producto 1', '2022-05-16 15:37:08', '2022-05-16 15:37:08'),
(6, 'cliente 2', 'Descripcion de Categoria 1', '2022-05-16 15:40:42', '2022-05-16 15:40:42');

-- --------------------------------------------------------

--
-- Estructura de tabla para la tabla `roles`
--

DROP TABLE IF EXISTS `roles`;
CREATE TABLE IF NOT EXISTS `roles` (
  `id` bigint(20) UNSIGNED NOT NULL AUTO_INCREMENT,
  `name` varchar(125) COLLATE utf8mb4_unicode_ci NOT NULL,
  `guard_name` varchar(125) COLLATE utf8mb4_unicode_ci NOT NULL,
  `created_at` timestamp NULL DEFAULT NULL,
  `updated_at` timestamp NULL DEFAULT NULL,
  PRIMARY KEY (`id`),
  UNIQUE KEY `roles_name_guard_name_unique` (`name`,`guard_name`)
) ENGINE=MyISAM AUTO_INCREMENT=3 DEFAULT CHARSET=utf8mb4 COLLATE=utf8mb4_unicode_ci;

--
-- Volcado de datos para la tabla `roles`
--

INSERT INTO `roles` (`id`, `name`, `guard_name`, `created_at`, `updated_at`) VALUES
(1, 'admin', 'web', '2022-05-12 17:26:52', '2022-05-12 17:26:52'),
(2, 'user', 'web', '2022-05-12 17:26:59', '2022-05-12 17:26:59');

-- --------------------------------------------------------

--
-- Estructura de tabla para la tabla `role_has_permissions`
--

DROP TABLE IF EXISTS `role_has_permissions`;
CREATE TABLE IF NOT EXISTS `role_has_permissions` (
  `permission_id` bigint(20) UNSIGNED NOT NULL,
  `role_id` bigint(20) UNSIGNED NOT NULL,
  PRIMARY KEY (`permission_id`,`role_id`),
  KEY `role_has_permissions_role_id_foreign` (`role_id`)
) ENGINE=MyISAM DEFAULT CHARSET=utf8mb4 COLLATE=utf8mb4_unicode_ci;

-- --------------------------------------------------------

--
-- Estructura de tabla para la tabla `users`
--

DROP TABLE IF EXISTS `users`;
CREATE TABLE IF NOT EXISTS `users` (
  `id` bigint(20) UNSIGNED NOT NULL AUTO_INCREMENT,
  `name` varchar(125) COLLATE utf8mb4_unicode_ci NOT NULL,
  `email` varchar(125) COLLATE utf8mb4_unicode_ci NOT NULL,
  `email_verified_at` timestamp NULL DEFAULT NULL,
  `password` varchar(125) COLLATE utf8mb4_unicode_ci NOT NULL,
  `remember_token` varchar(100) COLLATE utf8mb4_unicode_ci DEFAULT NULL,
  `created_at` timestamp NULL DEFAULT NULL,
  `updated_at` timestamp NULL DEFAULT NULL,
  PRIMARY KEY (`id`),
  UNIQUE KEY `users_email_unique` (`email`)
) ENGINE=MyISAM AUTO_INCREMENT=3 DEFAULT CHARSET=utf8mb4 COLLATE=utf8mb4_unicode_ci;

--
-- Volcado de datos para la tabla `users`
--

INSERT INTO `users` (`id`, `name`, `email`, `email_verified_at`, `password`, `remember_token`, `created_at`, `updated_at`) VALUES
(1, 'cliente 1', 'cliente1@cliente.com', NULL, '$2y$10$5nKXfn4uEEIoIRYT1RtLOe9vNarpp5wk3u8e3PKJdUjhLoFdOPDLS', NULL, '2022-05-12 17:32:08', '2022-05-12 17:32:08'),
(2, 'administrador', 'admin@admin.com', NULL, '$2y$10$kycKKMf9TdKd0ZclwWRip.R3tmNzF1m7Do.zWsQ/JIhti0gwR35p2', NULL, '2022-05-12 17:32:32', '2022-05-12 17:32:32');

--
-- Restricciones para tablas volcadas
--

--
-- Filtros para la tabla `pedidos`
--
ALTER TABLE `pedidos`
  ADD CONSTRAINT `pedidos_productos_id_foreign` FOREIGN KEY (`productos_id`) REFERENCES `productos` (`id`) ON DELETE CASCADE;

--
-- Filtros para la tabla `productos`
--
ALTER TABLE `productos`
  ADD CONSTRAINT `productos_categorias_id_foreign` FOREIGN KEY (`categorias_id`) REFERENCES `categorias` (`id`) ON DELETE CASCADE,
  ADD CONSTRAINT `productos_proveedores_id_foreign` FOREIGN KEY (`proveedores_id`) REFERENCES `proveedores` (`id`) ON DELETE CASCADE;
COMMIT;

/*!40101 SET CHARACTER_SET_CLIENT=@OLD_CHARACTER_SET_CLIENT */;
/*!40101 SET CHARACTER_SET_RESULTS=@OLD_CHARACTER_SET_RESULTS */;
/*!40101 SET COLLATION_CONNECTION=@OLD_COLLATION_CONNECTION */;
